<?xml version="1.0" encoding="UTF-8"?>
<ti:app xmlns:ti="http://ti.appcelerator.org">
	<id>de.marcbender.keyboardcontroldemo</id>
	<name>Keyboardcontroldemo</name>
	<version>1.0</version>
	<publisher>not specified</publisher>
	<url></url>
	<description></description>
	<copyright>not specified</copyright>
	<icon>appicon.png</icon>
	<fullscreen>false</fullscreen>
	<navbar-hidden>false</navbar-hidden>
	<guid>86710595-6ae4-496f-9007-32262788cc0a</guid>
    <analytics>false</analytics>
	<property name="ti.ui.defaultunit" type="string">dp</property>
	<property name="run-on-main-thread" type="bool">true</property>
	<ios>
		<enable-launch-screen-storyboard>true</enable-launch-screen-storyboard>
		<use-app-thinning>true</use-app-thinning>
        <min-ios-ver>14</min-ios-ver>
		<plist>
			<dict>
				<key>UISupportedInterfaceOrientations~iphone</key>
				<array>
					<string>UIInterfaceOrientationPortrait</string>
				</array>
				<key>UISupportedInterfaceOrientations~ipad</key>
				<array>
					<string>UIInterfaceOrientationPortrait</string>
					<string>UIInterfaceOrientationPortraitUpsideDown</string>
					<string>UIInterfaceOrientationLandscapeLeft</string>
					<string>UIInterfaceOrientationLandscapeRight</string>
				</array>
				<key>UIRequiresPersistentWiFi</key>
				<false/>
				<key>UIPrerenderedIcon</key>
				<false/>
				<key>UIStatusBarHidden</key>
				<false/>
				<key>UIStatusBarStyle</key>
				<string>UIStatusBarStyleDefault</string>

				<key>NSCameraUsageDescription</key>
                <string>Do you allow to access the camera for scanning?</string>

			</dict>
		</plist>
	</ios>
	<android xmlns:android="http://schemas.android.com/apk/res/android">
    <manifest android:versionCode="2" android:versionName="2">
     <uses-sdk android:minSdkVersion="28" android:compileSdkVersion="31" android:targetSdkVersion="31"/>


<application android:screenOrientation="fullSensor" android:debuggable="true" android:hardwareAccelerated="true" android:largeHeap="true" android:usesCleartextTraffic="true" android:label="@string/app_name" xmlns:tools="http://schemas.android.com/tools">

        <activity android:screenOrientation="fullSensor" android:exported="true" android:name=".KeyboardcontroldemoActivity" android:configChanges="fontScale|keyboard|keyboardHidden|layoutDirection|locale|mcc|mnc|navigation|orientation|screenLayout|screenSize|smallestScreenSize|touchscreen|uiMode|density" android:label="@string/app_name" android:alwaysRetainTaskState="true" android:hardwareAccelerated="true">
            <intent-filter>
                <action android:name="android.intent.action.MAIN"/>
                <category android:name="android.intent.category.LAUNCHER"/>
            </intent-filter>
		</activity>
        <activity android:screenOrientation="fullSensor"
                          android:name="org.appcelerator.titanium.TiActivity"
                          android:configChanges="keyboardHidden|orientation|screenSize" android:exported="true"/>
        <activity android:screenOrientation="fullSensor"
                    android:name="org.appcelerator.titanium.TiTranslucentActivity"
                    android:configChanges="keyboardHidden|orientation|screenSize"
                    android:theme="@style/Theme.AppCompat.Translucent" android:exported="true"/>
        <activity android:screenOrientation="fullSensor"
                    android:name="ti.modules.titanium.ui.android.TiPreferencesActivity"
                    android:configChanges="screenSize" android:exported="true"/>            
        </application>
		</manifest>
	</android>
	<modules>
	        <module>de.marcbender.keyboardcontrol</module>
	</modules>
	<deployment-targets>
		<target device="android">true</target>
		<target device="ipad">true</target>
		<target device="iphone">true</target>
	</deployment-targets>
	<sdk-version>11.1.0.GA</sdk-version>
</ti:app>
