{"proxies":{"de.marcbender.keyboardcontrol.TiDAKeyboardControlModule":{"superPackageName":"org.appcelerator.kroll","superProxyBindingClassName":"org.appcelerator.kroll.KrollModuleBindingGen","proxyClassName":"TiDAKeyboardControlModule","proxyAttrs":{"propertyAccessors":[],"fullAPIName":"TiDAKeyboardControl","name":"TiDAKeyboardControl","proxyClassName":"de.marcbender.keyboardcontrol.TiDAKeyboardControlModule","isTopLevel":false,"id":"de.marcbender.keyboardcontrol"},"packageName":"de.marcbender.keyboardcontrol","sourceName":"de.marcbender.keyboardcontrol.TiDAKeyboardControlModuleBindingGen","isTitaniumSdk":false,"superProxyClassName":"KrollModule","isModule":true,"genClassName":"TiDAKeyboardControlModuleBindingGen","onAppCreate":"onAppCreate"},"de.marcbender.keyboardcontrol.ViewProxy":{"superPackageName":"org.appcelerator.titanium.proxy","methods":{"addInteractiveKeyboardDismiss":{"runOnUiThread":false,"hasInvocation":false,"args":[],"apiName":"addInteractiveKeyboardDismiss","converter":"org.appcelerator.kroll.KrollConverter","defaultValueProvider":"org.appcelerator.kroll.KrollConverter","name":"__default_name__","returnType":"void"}},"superProxyBindingClassName":"org.appcelerator.titanium.proxy.TiViewProxyBindingGen","proxyClassName":"ViewProxy","proxyAttrs":{"propertyAccessors":[],"fullAPIName":"TiDAKeyboardControl.View","name":"View","proxyClassName":"de.marcbender.keyboardcontrol.ViewProxy","isTopLevel":false,"id":"de.marcbender.keyboardcontrol.ViewProxy","creatableInModule":"de.marcbender.keyboardcontrol.TiDAKeyboardControlModule","parentModule":"org.appcelerator.kroll.annotations.Kroll.DEFAULT"},"packageName":"de.marcbender.keyboardcontrol","sourceName":"de.marcbender.keyboardcontrol.ViewProxyBindingGen","isTitaniumSdk":false,"superProxyClassName":"TiViewProxy","isModule":false,"genClassName":"ViewProxyBindingGen"}},"modules":{"de.marcbender.keyboardcontrol.TiDAKeyboardControlModule":{"apiName":"TiDAKeyboardControl","createProxies":[{"propertyAccessors":[],"fullAPIName":"TiDAKeyboardControl.View","name":"View","proxyClassName":"de.marcbender.keyboardcontrol.ViewProxy","isTopLevel":false,"id":"de.marcbender.keyboardcontrol.ViewProxy","creatableInModule":"de.marcbender.keyboardcontrol.TiDAKeyboardControlModule","parentModule":"org.appcelerator.kroll.annotations.Kroll.DEFAULT"}]}}}